,Account_number,Account_name,Account_address,CITY_AND_STATE,Full_Account_Address,Business_type,Transaction_type,Merge_date,Num_LLC,locations,lon,lat
0,2845784,J. W. & B. O. SILVEIRA,243 30TH ST,"OAKLAND, CA","243 30TH ST, OAKLAND, CA",M,License Issued,2015-04-02,135,"(-122.26091769434743, 37.8181945)",-122.26091769434743,37.8181945
1,2845792,J. W. & B. O. SILVEIRA,3616 RICHMOND BLVD,"OAKLAND, CA","3616 RICHMOND BLVD, OAKLAND, CA",M,License Issued,2015-04-02,135,"(-122.25612345449767, 37.82200345)",-122.25612345449767,37.82200345
2,2845814,J. W. & B. O. SILVEIRA,3201 STAR AVE,"OAKLAND, CA","3201 STAR AVE, OAKLAND, CA",M,License Issued,2015-04-02,135,"(-122.20312580981133, 37.78917285)",-122.20312580981133,37.78917285
3,2845822,J. W. & B. O. SILVEIRA,1118 E 12TH ST,"OAKLAND, CA","1118 E 12TH ST, OAKLAND, CA",N,License Issued,2015-04-02,135,"(-122.24896702525253, 37.789695378787876)",-122.24896702525253,37.789695378787876
4,2845849,J. W. & B. O. SILVEIRA,6725 OAKWOOD DR,"OAKLAND, CA","6725 OAKWOOD DR, OAKLAND, CA",M,License Issued,2015-04-02,135,"(-122.19993992825488, 37.84220525235047)",-122.19993992825488,37.84220525235047
5,2845873,J. W. & B. O. SILVEIRA,1106 BESITO AV,"OAKLAND, CA","1106 BESITO AV, OAKLAND, CA",M,License Issued,2015-04-02,135,"(-122.23196770749009, 37.8610408)",-122.23196770749009,37.8610408
6,2845881,J. W. & B. O. SILVEIRA,7701 INTERNATIONAL BLVD,"OAKLAND, CA","7701 INTERNATIONAL BLVD, OAKLAND, CA",N,License Issued,2015-04-02,135,"(-122.1841910700353, 37.75751715)",-122.1841910700353,37.75751715
7,2845903,J. W. & B. O. SILVEIRA,950 87TH AVE,"OAKLAND, CA","950 87TH AVE, OAKLAND, CA",N,License Issued,2015-04-02,135,"(-122.1833764, 37.748142400000006)",-122.1833764,37.748142400000006
8,2845911,J. W. & B. O. SILVEIRA,6689 EXETER DR,"OAKLAND, CA","6689 EXETER DR, OAKLAND, CA",M,License Issued,2015-04-02,135,"(-122.18923102268839, 37.830102499999995)",-122.18923102268839,37.830102499999995
9,2845938,J. W. & B. O. SILVEIRA,3028 BROOK ST,"OAKLAND, CA","3028 BROOK ST, OAKLAND, CA",N,License Issued,2015-04-02,135,"(-122.26079975, 37.81938355)",-122.26079975,37.81938355
10,2845946,J. W. & B. O. SILVEIRA,5538 FOOTHILL BLVD,"OAKLAND, CA","5538 FOOTHILL BLVD, OAKLAND, CA",N,License Issued,2015-04-02,135,"(-122.19476987532195, 37.772609599999996)",-122.19476987532195,37.772609599999996
11,2845954,J. W. & B. O. SILVEIRA,834 E 10TH ST,"OAKLAND, CA","834 E 10TH ST, OAKLAND, CA",N,License Issued,2015-04-02,135,"(-122.2533055032415, 37.79139405)",-122.2533055032415,37.79139405
12,2845962,J. W. & B. O. SILVEIRA,2301 E 12TH ST,"OAKLAND, CA","2301 E 12TH ST, OAKLAND, CA",N,License Issued,2015-04-02,135,"(-122.23612462396615, 37.78238031384666)",-122.23612462396615,37.78238031384666
13,2845970,J. W. & B. O. SILVEIRA,251 30TH ST,"OAKLAND, CA","251 30TH ST, OAKLAND, CA",M,License Issued,2015-04-02,135,"(-122.26120060723457, 37.81822625)",-122.26120060723457,37.81822625
14,2845989,J. W. & B. O. SILVEIRA,2557 38TH AVE,"OAKLAND, CA","2557 38TH AVE, OAKLAND, CA",M,License Issued,2015-04-02,135,"(-122.20823165318714, 37.7852169)",-122.20823165318714,37.7852169
15,2846004,J. W. & B. O. SILVEIRA,6659 EXETER DR,"OAKLAND, CA","6659 EXETER DR, OAKLAND, CA",M,License Issued,2015-04-02,135,"(-122.1889152787198, 37.8298851)",-122.1889152787198,37.8298851
16,2846012,J. W. & B. O. SILVEIRA,335 PERKINS ST,"OAKLAND, CA","335 PERKINS ST, OAKLAND, CA",M,License Issued,2015-04-02,135,"(-122.2554060926776, 37.81174215)",-122.2554060926776,37.81174215
17,2846020,J. W. & B. O. SILVEIRA,6832 BALSAM WAY,"OAKLAND, CA","6832 BALSAM WAY, OAKLAND, CA",M,License Issued,2015-04-02,135,"(-122.21224736908447, 37.84952961369942)",-122.21224736908447,37.84952961369942
18,2846039,J. W. & B. O. SILVEIRA,331 WAYNE PL,"OAKLAND, CA","331 WAYNE PL, OAKLAND, CA",M,License Issued,2015-04-02,135,"(-122.25094074915965, 37.8001851)",-122.25094074915965,37.8001851
19,2846055,J. W. & B. O. SILVEIRA,5899 WESTOVER DR,"OAKLAND, CA","5899 WESTOVER DR, OAKLAND, CA",M,License Issued,2015-04-02,135,"(-122.19816203852561, 37.826310640427565)",-122.19816203852561,37.826310640427565
20,2846063,J. W. & B. O. SILVEIRA,1718 E 12TH ST,"OAKLAND, CA","1718 E 12TH ST, OAKLAND, CA",N,License Issued,2015-04-02,135,"(-122.24325274490857, 37.7868529)",-122.24325274490857,37.7868529
21,2846071,J. W. & B. O. SILVEIRA,1221 12TH AVE,"OAKLAND, CA","1221 12TH AVE, OAKLAND, CA",N,License Issued,2015-04-02,135,"(-122.24868863482098, 37.7904186)",-122.24868863482098,37.7904186
22,2846098,J. W. & B. O. SILVEIRA,1844 E 12TH ST,"OAKLAND, CA","1844 E 12TH ST, OAKLAND, CA",N,License Issued,2015-04-02,135,"(-122.24185558753507, 37.78591515)",-122.24185558753507,37.78591515
23,2846101,J. W. & B. O. SILVEIRA,1938 E 30TH ST,"OAKLAND, CA","1938 E 30TH ST, OAKLAND, CA",M,License Issued,2015-04-02,135,"(-122.22904474067022, 37.79786010218203)",-122.22904474067022,37.79786010218203
24,2846128,J. W. & B. O. SILVEIRA,1952 E 30TH ST,"OAKLAND, CA","1952 E 30TH ST, OAKLAND, CA",M,License Issued,2015-04-02,135,"(-122.22834353960545, 37.7977322)",-122.22834353960545,37.7977322
25,2846136,J. W. & B. O. SILVEIRA,6830 PASO ROBLES DR,"OAKLAND, CA","6830 PASO ROBLES DR, OAKLAND, CA",M,License Issued,2015-04-02,135,"(-122.19861654336145, 37.832429399999995)",-122.19861654336145,37.832429399999995
26,2846144,J. W. & B. O. SILVEIRA,1815 INTERNATIONAL BLVD,"OAKLAND, CA","1815 INTERNATIONAL BLVD, OAKLAND, CA",M,License Issued,2015-04-02,135,"(-122.24181688221691, 37.78669735)",-122.24181688221691,37.78669735
27,2846152,J. W. & B. O. SILVEIRA,350 JAYNE AVE,"OAKLAND, CA","350 JAYNE AVE, OAKLAND, CA",M,License Issued,2015-04-02,135,"(-122.25487186557947, 37.813649049999995)",-122.25487186557947,37.813649049999995
28,2846160,J. W. & B. O. SILVEIRA,1223 16TH AVE,"OAKLAND, CA","1223 16TH AVE, OAKLAND, CA",N,License Issued,2015-04-02,135,"(-122.2449255084, 37.787947200000005)",-122.2449255084,37.787947200000005
29,2846179,J. W. & B. O. SILVEIRA,1835 INTERNATIONAL BLVD,"OAKLAND, CA","1835 INTERNATIONAL BLVD, OAKLAND, CA",M,License Issued,2015-04-02,135,"(-122.24160399142662, 37.7865775)",-122.24160399142662,37.7865775
30,2846187,J. W. & B. O. SILVEIRA,1156 E 12TH ST,"OAKLAND, CA","1156 E 12TH ST, OAKLAND, CA",N,License Issued,2015-04-02,135,"(-122.24895695775335, 37.79017045)",-122.24895695775335,37.79017045
31,2846195,J. W. & B. O. SILVEIRA,901 INTERNATIONAL BLVD,"OAKLAND, CA","901 INTERNATIONAL BLVD, OAKLAND, CA",N,License Issued,2015-04-02,135,"(-122.2505323, 37.7925707)",-122.2505323,37.7925707
32,2846209,J. W. & B. O. SILVEIRA,958 E 12TH ST,"OAKLAND, CA","958 E 12TH ST, OAKLAND, CA",N,License Issued,2015-04-02,135,"(-122.25054860204403, 37.79195695)",-122.25054860204403,37.79195695
33,2846217,J. W. & B. O. SILVEIRA,1208 INTERNATIONAL BLVD,"OAKLAND, CA","1208 INTERNATIONAL BLVD, OAKLAND, CA",N,License Issued,2015-04-02,135,"(-122.247582, 37.7906889)",-122.247582,37.7906889
34,2846225,J. W. & B. O. SILVEIRA,431 E 12TH ST,"OAKLAND, CA","431 E 12TH ST, OAKLAND, CA",N,License Issued,2015-04-02,135,"(-122.2553258, 37.7951059)",-122.2553258,37.7951059
35,2846233,J. W. & B. O. SILVEIRA,1808 E 12TH ST,"OAKLAND, CA","1808 E 12TH ST, OAKLAND, CA",N,License Issued,2015-04-02,135,"(-122.24227805000001, 37.7862654)",-122.24227805000001,37.7862654
36,2846241,J. W. & B. O. SILVEIRA,1228 18TH ST,"OAKLAND, CA","1228 18TH ST, OAKLAND, CA",N,License Issued,2015-04-02,135,"(-122.28752925697334, 37.81302629649392)",-122.28752925697334,37.81302629649392
37,2846268,J. W. & B. O. SILVEIRA,1215 9TH AVE,"OAKLAND, CA","1215 9TH AVE, OAKLAND, CA",N,License Issued,2015-04-02,135,"(-122.2513371, 37.7924206)",-122.2513371,37.7924206
38,2846276,J. W. & B. O. SILVEIRA,730 E 12TH ST,"OAKLAND, CA","730 E 12TH ST, OAKLAND, CA",N,License Issued,2015-04-02,135,"(-122.25273989172064, 37.79342503879174)",-122.25273989172064,37.79342503879174
39,2846284,J. W. & B. O. SILVEIRA,1718 6TH AVE,"OAKLAND, CA","1718 6TH AVE, OAKLAND, CA",M,License Issued,2015-04-02,135,"(-122.24966188736637, 37.7971697)",-122.24966188736637,37.7971697
40,2846292,J. W. & B. O. SILVEIRA,7709 INTERNATIONAL BLVD,"OAKLAND, CA","7709 INTERNATIONAL BLVD, OAKLAND, CA",N,License Issued,2015-04-02,135,"(-122.1841291, 37.7574835)",-122.1841291,37.7574835
41,2846306,J. W. & B. O. SILVEIRA,6030 ZINN DR,"OAKLAND, CA","6030 ZINN DR, OAKLAND, CA",M,License Issued,2015-04-02,135,"(-122.20340245382059, 37.8276564)",-122.20340245382059,37.8276564
42,2846314,J. W. & B. O. SILVEIRA,1023 77TH AVE,"OAKLAND, CA","1023 77TH AVE, OAKLAND, CA",N,License Issued,2015-04-02,135,"(-122.18995897416909, 37.754133800000005)",-122.18995897416909,37.754133800000005
43,2846322,J. W. & B. O. SILVEIRA,1029 77TH AVE,"OAKLAND, CA","1029 77TH AVE, OAKLAND, CA",N,License Issued,2015-04-02,135,"(-122.18990271723584, 37.7542021)",-122.18990271723584,37.7542021
44,2846330,J. W. & B. O. SILVEIRA,1047 77TH AVE,"OAKLAND, CA","1047 77TH AVE, OAKLAND, CA",N,License Issued,2015-04-02,135,"(-122.18966027013293, 37.754264877174975)",-122.18966027013293,37.754264877174975
45,2846349,J. W. & B. O. SILVEIRA,1067 77TH AVE,"OAKLAND, CA","1067 77TH AVE, OAKLAND, CA",N,License Issued,2015-04-02,135,"(-122.18935114435028, 37.754465990504976)",-122.18935114435028,37.754465990504976
46,2846357,J. W. & B. O. SILVEIRA,6222 ANTIOCH ST,"OAKLAND, CA","6222 ANTIOCH ST, OAKLAND, CA",M,License Issued,2015-04-02,135,"(-122.20822365043097, 37.825982100000004)",-122.20822365043097,37.825982100000004
47,2846365,J. W. & B. O. SILVEIRA,6060 ZINN DR,"OAKLAND, CA","6060 ZINN DR, OAKLAND, CA",M,License Issued,2015-04-02,135,"(-122.20338086892576, 37.828054449999996)",-122.20338086892576,37.828054449999996
48,2846373,J. W. & B. O. SILVEIRA,2557 BARTLETT ST,"OAKLAND, CA","2557 BARTLETT ST, OAKLAND, CA",M,License Issued,2015-04-02,135,"(-122.21087886210374, 37.7889924)",-122.21087886210374,37.7889924
49,2846381,J. W. & B. O. SILVEIRA,6520 LUCAS AVE,"OAKLAND, CA","6520 LUCAS AVE, OAKLAND, CA",M,License Issued,2015-04-02,135,"(-122.2081638064947, 37.82664335)",-122.2081638064947,37.82664335
50,2846403,J. W. & B. O. SILVEIRA,1240 E 34TH ST,"OAKLAND, CA","1240 E 34TH ST, OAKLAND, CA",M,License Issued,2015-04-02,135,"(-122.23333090624281, 37.80267875)",-122.23333090624281,37.80267875
51,2846411,J. W. & B. O. SILVEIRA,277 ATHOL AVE,"OAKLAND, CA","277 ATHOL AVE, OAKLAND, CA",M,License Issued,2015-04-02,135,"(-122.24945440895573, 37.801504050000005)",-122.24945440895573,37.801504050000005
52,2846438,J. W. & B. O. SILVEIRA,4645 DOLORES AVE,"OAKLAND, CA","4645 DOLORES AVE, OAKLAND, CA",M,License Issued,2015-04-02,135,"(-122.21697914783951, 37.809400749999995)",-122.21697914783951,37.809400749999995
53,2846446,J. W. & B. O. SILVEIRA,4632 BENEVIDES AVE,"OAKLAND, CA","4632 BENEVIDES AVE, OAKLAND, CA",M,License Issued,2015-04-02,135,"(-122.21654220367968, 37.808165506297016)",-122.21654220367968,37.808165506297016
54,2846454,J. W. & B. O. SILVEIRA,1467 MACARTHUR BLVD,"OAKLAND, CA","1467 MACARTHUR BLVD, OAKLAND, CA",M,License Issued,2015-04-02,135,"(-122.22684411707903, 37.80099205)",-122.22684411707903,37.80099205
55,2846462,J. W. & B. O. SILVEIRA,2001 MANZANITA DR,"OAKLAND, CA","2001 MANZANITA DR, OAKLAND, CA",M,License Issued,2015-04-02,135,"(-122.19273651818581, 37.839462749999996)",-122.19273651818581,37.839462749999996
56,2846470,J. W. & B. O. SILVEIRA,8691 SKYLINE BLVD,"OAKLAND, CA","8691 SKYLINE BLVD, OAKLAND, CA",M,License Issued,2015-04-02,135,"(-122.18799316959385, 37.8306716)",-122.18799316959385,37.8306716
57,2846489,J. W. & B. O. SILVEIRA,546 WELDON AVE,"OAKLAND, CA","546 WELDON AVE, OAKLAND, CA",M,License Issued,2015-04-02,135,"(-122.24140434242656, 37.8145964)",-122.24140434242656,37.8145964
58,2846497,J. W. & B. O. SILVEIRA,1035 8TH AVE,"OAKLAND, CA","1035 8TH AVE, OAKLAND, CA",M,License Issued,2015-04-02,135,"(-122.2537556052234, 37.792087699999996)",-122.2537556052234,37.792087699999996
59,2846500,J. W. & B. O. SILVEIRA,427 E 12TH ST,"OAKLAND, CA","427 E 12TH ST, OAKLAND, CA",N,License Issued,2015-04-02,135,"(-122.25545235757417, 37.795299150000005)",-122.25545235757417,37.795299150000005
60,2846519,J. W. & B. O. SILVEIRA,1510 E 32ND ST,"OAKLAND, CA","1510 E 32ND ST, OAKLAND, CA",M,License Issued,2015-04-02,135,"(-122.22891742159811, 37.799793550000004)",-122.22891742159811,37.799793550000004
61,2846527,J. W. & B. O. SILVEIRA,1246 20TH AVE,"OAKLAND, CA","1246 20TH AVE, OAKLAND, CA",N,License Issued,2015-04-02,135,"(-122.24008886834665, 37.78538555)",-122.24008886834665,37.78538555
62,2846535,J. W. & B. O. SILVEIRA,4750 PARK BLVD,"OAKLAND, CA","4750 PARK BLVD, OAKLAND, CA",M,License Issued,2015-04-02,135,"(-122.21536506863177, 37.81135655)",-122.21536506863177,37.81135655
63,2846543,J. W. & B. O. SILVEIRA,4800 PARK BLVD,"OAKLAND, CA","4800 PARK BLVD, OAKLAND, CA",M,License Issued,2015-04-02,135,"(-122.21520121822022, 37.811604200000005)",-122.21520121822022,37.811604200000005
64,2846551,J. W. & B. O. SILVEIRA,1124 WELLINGTON ST,"OAKLAND, CA","1124 WELLINGTON ST, OAKLAND, CA",M,License Issued,2015-04-02,135,"(-122.22331654057646, 37.809107749999995)",-122.22331654057646,37.809107749999995
65,2846594,J. W. & B. O. SILVEIRA,704 E 17TH ST,"OAKLAND, CA","704 E 17TH ST, OAKLAND, CA",M,License Issued,2015-04-02,135,"(-122.24912774999999, 37.796293500000004)",-122.24912774999999,37.796293500000004
66,2846608,J. W. & B. O. SILVEIRA,2625 IVY DR,"OAKLAND, CA","2625 IVY DR, OAKLAND, CA",M,License Issued,2015-04-02,135,"(-122.24031097299536, 37.80194855)",-122.24031097299536,37.80194855
67,2846616,J. W. & B. O. SILVEIRA,6651 ARMOUR DR,"OAKLAND, CA","6651 ARMOUR DR, OAKLAND, CA",M,License Issued,2015-04-02,135,"(-122.20462734276838, 37.83515525)",-122.20462734276838,37.83515525
68,2846624,J. W. & B. O. SILVEIRA,322 ATHOL AVE,"OAKLAND, CA","322 ATHOL AVE, OAKLAND, CA",M,License Issued,2015-04-02,135,"(-122.24792863316335, 37.8014621)",-122.24792863316335,37.8014621
69,2846632,J. W. & B. O. SILVEIRA,330 ATHOL AVE,"OAKLAND, CA","330 ATHOL AVE, OAKLAND, CA",M,License Issued,2015-04-02,135,"(-122.24775879282132, 37.801711350000005)",-122.24775879282132,37.801711350000005
70,2846640,J. W. & B. O. SILVEIRA,6950 BALSAM WAY,"OAKLAND, CA","6950 BALSAM WAY, OAKLAND, CA",M,License Issued,2015-04-02,135,"(-122.21028091250967, 37.84923175)",-122.21028091250967,37.84923175
71,2846659,J. W. & B. O. SILVEIRA,6960 BALSAM WAY,"OAKLAND, CA","6960 BALSAM WAY, OAKLAND, CA",M,License Issued,2015-04-02,135,"(-122.2107093453288, 37.8496860743451)",-122.2107093453288,37.8496860743451
72,2846675,J. W. & B. O. SILVEIRA,9500 BANCROFT AVE,"OAKLAND, CA","9500 BANCROFT AVE, OAKLAND, CA",M,License Issued,2015-04-02,135,"(-122.16296546270107, 37.75052015)",-122.16296546270107,37.75052015
73,2846683,J. W. & B. O. SILVEIRA,6788 BANNING DR,"OAKLAND, CA","6788 BANNING DR, OAKLAND, CA",M,License Issued,2015-04-02,135,"(-122.18913593425508, 37.8318217)",-122.18913593425508,37.8318217
74,2846705,J. W. & B. O. SILVEIRA,2535 CHELSEA DR,"OAKLAND, CA","2535 CHELSEA DR, OAKLAND, CA",M,License Issued,2015-04-02,135,"(-122.19476672638407, 37.827225999999996)",-122.19476672638407,37.827225999999996
75,2846713,J. W. & B. O. SILVEIRA,285 FAIRMOUNT AVE,"OAKLAND, CA","285 FAIRMOUNT AVE, OAKLAND, CA",M,License Issued,2015-04-02,135,"(-122.25924607835547, 37.81794305)",-122.25924607835547,37.81794305
76,2846721,J. W. & B. O. SILVEIRA,550 FAIRMOUNT AVE,"OAKLAND, CA","550 FAIRMOUNT AVE, OAKLAND, CA",M,License Issued,2015-04-02,135,"(-122.25417494847731, 37.82159)",-122.25417494847731,37.82159
77,2846748,J. W. & B. O. SILVEIRA,2348 FOOTHILL BLVD,"OAKLAND, CA","2348 FOOTHILL BLVD, OAKLAND, CA",M,License Issued,2015-04-02,135,"(-122.23294449303326, 37.78498625)",-122.23294449303326,37.78498625
78,2846756,J. W. & B. O. SILVEIRA,2630 FOOTHILL BLVD,"OAKLAND, CA","2630 FOOTHILL BLVD, OAKLAND, CA",N,License Issued,2015-04-02,135,"(-122.22860895705566, 37.78441422215854)",-122.22860895705566,37.78441422215854
79,2846764,J. W. & B. O. SILVEIRA,1939 GASPAR DR,"OAKLAND, CA","1939 GASPAR DR, OAKLAND, CA",M,License Issued,2015-04-02,135,"(-122.20882083175144, 37.82988095)",-122.20882083175144,37.82988095
80,2846772,J. W. & B. O. SILVEIRA,6335 GIRVIN DR,"OAKLAND, CA","6335 GIRVIN DR, OAKLAND, CA",M,License Issued,2015-04-02,135,"(-122.19600741137114, 37.829322149999996)",-122.19600741137114,37.829322149999996
81,2846780,J. W. & B. O. SILVEIRA,6033 GRIZZLY PEAK BLVD,"OAKLAND, CA","6033 GRIZZLY PEAK BLVD, OAKLAND, CA",M,License Issued,2015-04-02,135,"(-122.21004619540074, 37.8519054)",-122.21004619540074,37.8519054
82,2846802,J. W. & B. O. SILVEIRA,3117 MARTIN LUTHER KING JR WAY,"OAKLAND, CA","3117 MARTIN LUTHER KING JR WAY, OAKLAND, CA",M,License Issued,2015-04-02,135,"(-122.27093794429808, 37.821026399999994)",-122.27093794429808,37.821026399999994
83,2846810,J. W. & B. O. SILVEIRA,3785 HARRISON ST,"OAKLAND, CA","3785 HARRISON ST, OAKLAND, CA",M,License Issued,2015-04-02,135,"(-122.25242440654101, 37.821236150000004)",-122.25242440654101,37.821236150000004
84,2846829,J. W. & B. O. SILVEIRA,3791 HARRISON ST,"OAKLAND, CA","3791 HARRISON ST, OAKLAND, CA",M,License Issued,2015-04-02,135,"(-122.2523132, 37.82128225)",-122.2523132,37.82128225
85,2846837,J. W. & B. O. SILVEIRA,1839 MAGELLAN DR,"OAKLAND, CA","1839 MAGELLAN DR, OAKLAND, CA",M,License Issued,2015-04-02,135,"(-122.21031854639548, 37.829334)",-122.21031854639548,37.829334
86,2846845,J. W. & B. O. SILVEIRA,1845 MAGELLAN DR,"OAKLAND, CA","1845 MAGELLAN DR, OAKLAND, CA",M,License Issued,2015-04-02,135,"(-122.21024065276451, 37.82919685)",-122.21024065276451,37.82919685
87,2846853,J. W. & B. O. SILVEIRA,2464 PALMETTO ST,"OAKLAND, CA","2464 PALMETTO ST, OAKLAND, CA",M,License Issued,2015-04-02,135,"(-122.21357572381457, 37.79901375)",-122.21357572381457,37.79901375
88,2846861,J. W. & B. O. SILVEIRA,2127 PARK BLVD,"OAKLAND, CA","2127 PARK BLVD, OAKLAND, CA",M,License Issued,2015-04-02,135,"(-122.24791889999999, 37.800876849999995)",-122.24791889999999,37.800876849999995
89,2846888,J. W. & B. O. SILVEIRA,2155 PARK BLVD,"OAKLAND, CA","2155 PARK BLVD, OAKLAND, CA",M,License Issued,2015-04-02,135,"(-122.24739460664642, 37.80127385)",-122.24739460664642,37.80127385
90,2846896,J. W. & B. O. SILVEIRA,6766 PASO ROBLES DR,"OAKLAND, CA","6766 PASO ROBLES DR, OAKLAND, CA",M,License Issued,2015-04-02,135,"(-122.19997071254633, 37.83283564753216)",-122.19997071254633,37.83283564753216
91,2846918,J. W. & B. O. SILVEIRA,318 PORTLAND AVE,"OAKLAND, CA","318 PORTLAND AVE, OAKLAND, CA",M,License Issued,2015-04-02,135,"(-122.24602760218404, 37.80197875)",-122.24602760218404,37.80197875
92,2846926,J. W. & B. O. SILVEIRA,3049 RICHMOND BLVD,"OAKLAND, CA","3049 RICHMOND BLVD, OAKLAND, CA",M,License Issued,2015-04-02,135,"(-122.25991729584504, 37.81937085)",-122.25991729584504,37.81937085
93,2846934,J. W. & B. O. SILVEIRA,1330 SAN LUIS AVE,"OAKLAND, CA","1330 SAN LUIS AVE, OAKLAND, CA",M,License Issued,2015-04-02,135,"(-122.21548116988077, 37.8107782)",-122.21548116988077,37.8107782
94,2846942,J. W. & B. O. SILVEIRA,2290 SAN PABLO AVE,"OAKLAND, CA","2290 SAN PABLO AVE, OAKLAND, CA",N,License Issued,2015-04-02,135,"(-122.27396789427084, 37.813490849999994)",-122.27396789427084,37.813490849999994
95,2846950,J. W. & B. O. SILVEIRA,2931 SCHOOL ST,"OAKLAND, CA","2931 SCHOOL ST, OAKLAND, CA",M,License Issued,2015-04-02,135,"(-122.21413840902271, 37.79519285)",-122.21413840902271,37.79519285
96,2846969,J. W. & B. O. SILVEIRA,2939 SCHOOL ST,"OAKLAND, CA","2939 SCHOOL ST, OAKLAND, CA",M,License Issued,2015-04-02,135,"(-122.21395670000001, 37.7951087)",-122.21395670000001,37.7951087
97,2846977,J. W. & B. O. SILVEIRA,3328 SCHOOL ST,"OAKLAND, CA","3328 SCHOOL ST, OAKLAND, CA",M,License Issued,2015-04-02,135,"(-122.206834585, 37.7924937)",-122.206834585,37.7924937
98,2846985,J. W. & B. O. SILVEIRA,6025 SHIRLEY DR,"OAKLAND, CA","6025 SHIRLEY DR, OAKLAND, CA",M,License Issued,2015-04-02,135,"(-122.18760461499417, 37.827631)",-122.18760461499417,37.827631
99,2846993,J. W. & B. O. SILVEIRA,6285 SKYLINE BLVD,"OAKLAND, CA","6285 SKYLINE BLVD, OAKLAND, CA",M,License Issued,2015-04-02,135,"(-122.20852688894927, 37.8504971815146)",-122.20852688894927,37.8504971815146
100,2847000,J. W. & B. O. SILVEIRA,6501 SNAKE RD,"OAKLAND, CA","6501 SNAKE RD, OAKLAND, CA",M,License Issued,2015-04-02,135,"(-122.20631336200266, 37.8338099)",-122.20631336200266,37.8338099
101,2847019,J. W. & B. O. SILVEIRA,6509 SNAKE RD,"OAKLAND, CA","6509 SNAKE RD, OAKLAND, CA",M,License Issued,2015-04-02,135,"(-122.20620640198459, 37.833969350000004)",-122.20620640198459,37.833969350000004
102,2847027,J. W. & B. O. SILVEIRA,6633 SNAKE RD,"OAKLAND, CA","6633 SNAKE RD, OAKLAND, CA",M,License Issued,2015-04-02,135,"(-122.20452094999999, 37.83469375)",-122.20452094999999,37.83469375
103,2847043,J. W. & B. O. SILVEIRA,7333 SNAKE RD,"OAKLAND, CA","7333 SNAKE RD, OAKLAND, CA",M,License Issued,2015-04-02,135,"(-122.19845449984606, 37.84005595)",-122.19845449984606,37.84005595
104,2847051,J. W. & B. O. SILVEIRA,7335 SNAKE RD,"OAKLAND, CA","7335 SNAKE RD, OAKLAND, CA",M,License Issued,2015-04-02,135,"(-122.1984013, 37.8401105)",-122.1984013,37.8401105
105,2847078,J. W. & B. O. SILVEIRA,2878 TELEGRAPH AVE,"OAKLAND, CA","2878 TELEGRAPH AVE, OAKLAND, CA",N,License Issued,2015-04-02,135,"(-122.2672628, 37.8179888)",-122.2672628,37.8179888
106,2847086,J. W. & B. O. SILVEIRA,3542 TELEGRAPH AVE,"OAKLAND, CA","3542 TELEGRAPH AVE, OAKLAND, CA",N,License Issued,2015-04-02,135,"(-122.26528634362018, 37.8243426)",-122.26528634362018,37.8243426
107,2847094,J. W. & B. O. SILVEIRA,429 VERNON ST,"OAKLAND, CA","429 VERNON ST, OAKLAND, CA",M,License Issued,2015-04-02,135,"(-122.25347220893278, 37.8170645)",-122.25347220893278,37.8170645
108,2847108,J. W. & B. O. SILVEIRA,2343 WAVERLY ST,"OAKLAND, CA","2343 WAVERLY ST, OAKLAND, CA",M,License Issued,2015-04-02,135,"(-122.26321384580186, 37.812398400000006)",-122.26321384580186,37.812398400000006
109,2847124,J. W. & B. O. SILVEIRA,1131 5TH AVE,"OAKLAND, CA","1131 5TH AVE, OAKLAND, CA",N,License Issued,2015-04-02,135,"(-122.25578643699907, 37.79503295)",-122.25578643699907,37.79503295
110,2847132,J. W. & B. O. SILVEIRA,515 E 11TH ST,"OAKLAND, CA","515 E 11TH ST, OAKLAND, CA",M,License Issued,2015-04-02,135,"(-122.25563256423646, 37.79402735)",-122.25563256423646,37.79402735
111,2847140,J. W. & B. O. SILVEIRA,745 E 11TH ST,"OAKLAND, CA","745 E 11TH ST, OAKLAND, CA",M,License Issued,2015-04-02,135,"(-122.25363615, 37.79226955)",-122.25363615,37.79226955
112,2847159,J. W. & B. O. SILVEIRA,905 E 11TH ST,"OAKLAND, CA","905 E 11TH ST, OAKLAND, CA",M,License Issued,2015-04-02,135,"(-122.25249026206143, 37.7912027)",-122.25249026206143,37.7912027
113,2847167,J. W. & B. O. SILVEIRA,739 E 12TH ST,"OAKLAND, CA","739 E 12TH ST, OAKLAND, CA",N,License Issued,2015-04-02,135,"(-122.25268264102215, 37.79337455721391)",-122.25268264102215,37.79337455721391
114,2847175,J. W. & B. O. SILVEIRA,744 E 12TH ST,"OAKLAND, CA","744 E 12TH ST, OAKLAND, CA",N,License Issued,2015-05-29,135,"(-122.25265083507853, 37.793346511892885)",-122.25265083507853,37.793346511892885
115,2847183,J. W. & B. O. SILVEIRA,1232 E 12TH ST,"OAKLAND, CA","1232 E 12TH ST, OAKLAND, CA",N,License Issued,2015-04-02,135,"(-122.2483981, 37.78965885)",-122.2483981,37.78965885
116,2847191,J. W. & B. O. SILVEIRA,1745 12TH AVE,"OAKLAND, CA","1745 12TH AVE, OAKLAND, CA",M,License Issued,2015-04-02,135,"(-122.24481983082354, 37.793212249999996)",-122.24481983082354,37.793212249999996
117,2847205,J. W. & B. O. SILVEIRA,3921 E 12TH ST,"OAKLAND, CA","3921 E 12TH ST, OAKLAND, CA",N,License Issued,2015-04-02,135,"(-122.21951818987677, 37.77281825)",-122.21951818987677,37.77281825
118,2847213,J. W. & B. O. SILVEIRA,2137 13TH AVE,"OAKLAND, CA","2137 13TH AVE, OAKLAND, CA",M,License Issued,2015-04-02,135,"(-122.24021197615608, 37.79512035)",-122.24021197615608,37.79512035
119,2847221,J. W. & B. O. SILVEIRA,1226 INTERNATIONAL BLVD,"OAKLAND, CA","1226 INTERNATIONAL BLVD, OAKLAND, CA",N,License Issued,2015-04-02,135,"(-122.24721723582942, 37.7904488)",-122.24721723582942,37.7904488
120,2847248,J. W. & B. O. SILVEIRA,1816 INTERNATIONAL BLVD,"OAKLAND, CA","1816 INTERNATIONAL BLVD, OAKLAND, CA",N,License Issued,2015-04-02,135,"(-122.24163722810613, 37.787052200000005)",-122.24163722810613,37.787052200000005
121,2847256,J. W. & B. O. SILVEIRA,1248 INTERNATIONAL BLVD,"OAKLAND, CA","1248 INTERNATIONAL BLVD, OAKLAND, CA",N,License Issued,2015-04-02,135,"(-122.24722245825632, 37.790160549999996)",-122.24722245825632,37.790160549999996
122,2847264,J. W. & B. O. SILVEIRA,2017 INTERNATIONAL BLVD,"OAKLAND, CA","2017 INTERNATIONAL BLVD, OAKLAND, CA",M,License Issued,2015-04-02,135,"(-122.23979146980814, 37.78547595)",-122.23979146980814,37.78547595
123,2847272,J. W. & B. O. SILVEIRA,2009 INTERNATIONAL BLVD,"OAKLAND, CA","2009 INTERNATIONAL BLVD, OAKLAND, CA",N,License Issued,2015-04-02,135,"(-122.23987472444821, 37.785528049999996)",-122.23987472444821,37.785528049999996
124,2847280,J. W. & B. O. SILVEIRA,7747 INTERNATIONAL BLVD,"OAKLAND, CA","7747 INTERNATIONAL BLVD, OAKLAND, CA",N,License Issued,2015-04-02,135,"(-122.18413790715962, 37.7573293)",-122.18413790715962,37.7573293
125,2847299,J. W. & B. O. SILVEIRA,730 E 17TH ST,"OAKLAND, CA","730 E 17TH ST, OAKLAND, CA",M,License Issued,2015-04-02,135,"(-122.24867642535848, 37.79602835)",-122.24867642535848,37.79602835
126,2847302,J. W. & B. O. SILVEIRA,2727 E 17TH ST,"OAKLAND, CA","2727 E 17TH ST, OAKLAND, CA",M,License Issued,2015-04-02,135,"(-122.22887981079442, 37.782644250000004)",-122.22887981079442,37.782644250000004
127,2847310,J. W. & B. O. SILVEIRA,1736 23RD AVE,"OAKLAND, CA","1736 23RD AVE, OAKLAND, CA",M,License Issued,2015-04-02,135,"(-122.23254845000001, 37.78621735)",-122.23254845000001,37.78621735
128,2847329,J. W. & B. O. SILVEIRA,1938 E 23RD ST,"OAKLAND, CA","1938 E 23RD ST, OAKLAND, CA",M,License Issued,2015-04-02,135,"(-122.23385978781567, 37.79273585)",-122.23385978781567,37.79273585
129,2847337,J. W. & B. O. SILVEIRA,1812 27TH AVE,"OAKLAND, CA","1812 27TH AVE, OAKLAND, CA",M,License Issued,2015-04-02,135,"(-122.22793293087393, 37.784081150000006)",-122.22793293087393,37.784081150000006
130,2847345,J. W. & B. O. SILVEIRA,1620 50TH AVE,"OAKLAND, CA","1620 50TH AVE, OAKLAND, CA",M,License Issued,2015-04-02,135,"(-122.20692518167664, 37.771342399999995)",-122.20692518167664,37.771342399999995
131,2847353,J. W. & B. O. SILVEIRA,1323 78TH AVE,"OAKLAND, CA","1323 78TH AVE, OAKLAND, CA",N,License Issued,2015-04-02,135,"(-122.18480055170868, 37.75680926647619)",-122.18480055170868,37.75680926647619
132,2847361,J. W. & B. O. SILVEIRA,2022 SOLANO WAY,"OAKLAND, CA","2022 SOLANO WAY, OAKLAND, CA",M,License Issued,2015-04-02,135,"(-122.23996236176056, 37.785288449999996)",-122.23996236176056,37.785288449999996
133,2847396,J. W. & B. O. SILVEIRA,6374 HEATHER RIDGE WAY,"OAKLAND, CA","6374 HEATHER RIDGE WAY, OAKLAND, CA",M,License Issued,2015-04-02,135,"(-122.20600642525926, 37.8430648)",-122.20600642525926,37.8430648
134,2847418,J. W. & B. O. SILVEIRA,6012 BALBOA DR,"OAKLAND, CA","6012 BALBOA DR, OAKLAND, CA",M,License Issued,2015-04-02,135,"(-122.19846638235441, 37.83155325)",-122.19846638235441,37.83155325
135,28014138,REO HOMES 2 LLC,1029 WOOD ST,"OAKLAND, CA","1029 WOOD ST, OAKLAND, CA",M,License Issued,2015-02-18,125,"(-122.2999358485371, 37.81098955)",-122.2999358485371,37.81098955
136,28015584,REO HOMES 2 LLC,1509 5TH ST,"OAKLAND, CA","1509 5TH ST, OAKLAND, CA",M,License Issued,2015-02-18,125,"(-122.29683199663964, 37.80434968237725)",-122.29683199663964,37.80434968237725
137,28015720,REO HOMES 2 LLC,1670 12TH ST,"OAKLAND, CA","1670 12TH ST, OAKLAND, CA",M,License Issued,2015-03-10,125,"(-122.29676653400898, 37.811107899999996)",-122.29676653400898,37.811107899999996
138,28015741,REO HOMES 2 LLC,1716 9TH ST,"OAKLAND, CA","1716 9TH ST, OAKLAND, CA",M,License Issued,2015-02-18,125,"(-122.299881, 37.8093686)",-122.299881,37.8093686
139,28015755,REO HOMES 2 LLC,1737 14TH ST,"OAKLAND, CA","1737 14TH ST, OAKLAND, CA",M,License Issued,2015-02-18,125,"(-122.29751665714244, 37.8128834)",-122.29751665714244,37.8128834
140,28015911,REO HOMES 2 LLC,949 34TH ST,"OAKLAND, CA","949 34TH ST, OAKLAND, CA",M,License Issued,2015-02-18,125,"(-122.27662043922818, 37.82474620000001)",-122.27662043922818,37.82474620000001
141,28028299,REO HOMES 2 LLC,3257 MARTIN LUTHER KING JR WAY,"OAKLAND, CA","3257 MARTIN LUTHER KING JR WAY, OAKLAND, CA",M,License Issued,2015-02-18,125,"(-122.27060940233254, 37.8222483)",-122.27060940233254,37.8222483
142,28029648,REO HOMES 2 LLC,2734 UNION ST,"OAKLAND, CA","2734 UNION ST, OAKLAND, CA",M,License Issued,2015-02-18,125,"(-122.28435021847056, 37.820375850000005)",-122.28435021847056,37.820375850000005
143,28035257,REO HOMES 2 LLC,675 31ST ST,"OAKLAND, CA","675 31ST ST, OAKLAND, CA",M,License Issued,2015-02-18,125,"(-122.27176744214789, 37.8205459)",-122.27176744214789,37.8205459
144,28038907,REO HOMES 2 LLC,1626 MYRTLE ST,"OAKLAND, CA","1626 MYRTLE ST, OAKLAND, CA",M,License Issued,2015-02-18,125,"(-122.28095386966802, 37.81057895)",-122.28095386966802,37.81057895
145,28038910,REO HOMES 2 LLC,3307 STUART ST,"OAKLAND, CA","3307 STUART ST, OAKLAND, CA",M,License Issued,2015-02-18,125,"(-122.2311406376308, 37.8009394)",-122.2311406376308,37.8009394
146,28038913,REO HOMES 2 LLC,3124 HARRISON ST,"OAKLAND, CA","3124 HARRISON ST, OAKLAND, CA",M,License Issued,2015-02-18,125,"(-122.25642005573576, 37.817604849999995)",-122.25642005573576,37.817604849999995
147,28043257,REO HOMES 2 LLC,2626 MYRTLE ST,"OAKLAND, CA","2626 MYRTLE ST, OAKLAND, CA",M,License Issued,2015-03-10,125,"(-122.27820411039372, 37.81824095)",-122.27820411039372,37.81824095
148,28043260,REO HOMES 2 LLC,2750 E 21ST ST,"OAKLAND, CA","2750 E 21ST ST, OAKLAND, CA",M,License Issued,2015-03-10,125,"(-122.2258101857143, 37.7853577)",-122.2258101857143,37.7853577
149,28043263,REO HOMES 2 LLC,1477 14TH ST,"OAKLAND, CA","1477 14TH ST, OAKLAND, CA",M,License Issued,2015-03-10,125,"(-122.29360168605905, 37.81108675)",-122.29360168605905,37.81108675
150,28043265,REO HOMES 2 LLC,959 26TH ST,"OAKLAND, CA","959 26TH ST, OAKLAND, CA",M,License Issued,2015-03-10,125,"(-122.27885935, 37.8176877)",-122.27885935,37.8176877
151,28043268,REO HOMES 2 LLC,1738 CHASE ST,"OAKLAND, CA","1738 CHASE ST, OAKLAND, CA",M,License Issued,2015-03-10,125,"(-122.30088114466484, 37.8087304)",-122.30088114466484,37.8087304
152,28043274,REO HOMES 2 LLC,1623 12TH ST,"OAKLAND, CA","1623 12TH ST, OAKLAND, CA",M,License Issued,2015-03-10,125,"(-122.29581675702468, 37.81000615)",-122.29581675702468,37.81000615
153,28043275,REO HOMES 2 LLC,706 BROCKHURST ST,"OAKLAND, CA","706 BROCKHURST ST, OAKLAND, CA",M,License Issued,2015-03-10,125,"(-122.27188854752802, 37.8225041)",-122.27188854752802,37.8225041
154,28043276,REO HOMES 2 LLC,3558 HARPER ST,"OAKLAND, CA","3558 HARPER ST, OAKLAND, CA",M,License Issued,2015-03-10,125,"(-122.21622042759617, 37.78314535)",-122.21622042759617,37.78314535
155,28043277,REO HOMES 2 LLC,2904 MYRTLE ST,"OAKLAND, CA","2904 MYRTLE ST, OAKLAND, CA",M,License Issued,2015-03-10,125,"(-122.27746688314988, 37.820199450000004)",-122.27746688314988,37.820199450000004
156,28043278,REO HOMES 2 LLC,2906 COOLIDGE AVE,"OAKLAND, CA","2906 COOLIDGE AVE, OAKLAND, CA",M,License Issued,2015-04-24,125,"(-122.2149891535822, 37.79116395)",-122.2149891535822,37.79116395
157,28043279,REO HOMES 2 LLC,1219 12TH ST,"OAKLAND, CA","1219 12TH ST, OAKLAND, CA",M,License Issued,2015-03-10,125,"(-122.28831665, 37.8082697)",-122.28831665,37.8082697
158,28043298,REO HOMES 2 LLC,1619 12TH ST,"OAKLAND, CA","1619 12TH ST, OAKLAND, CA",M,License Issued,2015-03-10,125,"(-122.29574106818956, 37.80995735)",-122.29574106818956,37.80995735
159,28043300,REO HOMES 2 LLC,1671 8TH ST,"OAKLAND, CA","1671 8TH ST, OAKLAND, CA",M,License Issued,2015-03-10,125,"(-122.2997702, 37.80716895)",-122.2997702,37.80716895
160,28043301,REO HOMES 2 LLC,3929 RUBY ST,"OAKLAND, CA","3929 RUBY ST, OAKLAND, CA",M,License Issued,2015-03-10,125,"(-122.26239948334972, 37.82826115)",-122.26239948334972,37.82826115
161,28043302,REO HOMES 2 LLC,1237 32ND ST,"OAKLAND, CA","1237 32ND ST, OAKLAND, CA",M,License Issued,2015-03-10,125,"(-122.28305745, 37.8241117)",-122.28305745,37.8241117
162,28043303,REO HOMES 2 LLC,2701 CHESTNUT ST,"OAKLAND, CA","2701 CHESTNUT ST, OAKLAND, CA",M,License Issued,2015-03-10,125,"(-122.28170766530644, 37.819316900000004)",-122.28170766530644,37.819316900000004
163,28043305,REO HOMES 2 LLC,2501 ADELINE ST,"OAKLAND, CA","2501 ADELINE ST, OAKLAND, CA",M,License Issued,2015-03-10,125,"(-122.283371394, 37.8180485)",-122.283371394,37.8180485
164,28043306,REO HOMES 2 LLC,786 20TH ST,"OAKLAND, CA","786 20TH ST, OAKLAND, CA",M,License Issued,2015-03-10,125,"(-122.27656674446155, 37.811531599999995)",-122.27656674446155,37.811531599999995
165,28043309,REO HOMES 2 LLC,3126 HARRISON ST,"OAKLAND, CA","3126 HARRISON ST, OAKLAND, CA",M,License Issued,2015-03-10,125,"(-122.2563938973262, 37.8176766)",-122.2563938973262,37.8176766
166,28043314,REO HOMES 2 LLC,1737 CHASE ST,"OAKLAND, CA","1737 CHASE ST, OAKLAND, CA",M,License Issued,2015-03-10,125,"(-122.30103265079634, 37.80842215)",-122.30103265079634,37.80842215
167,28043316,REO HOMES 2 LLC,1712 14TH ST,"OAKLAND, CA","1712 14TH ST, OAKLAND, CA",M,License Issued,2015-03-10,125,"(-122.29674507326038, 37.81301135)",-122.29674507326038,37.81301135
168,28043320,REO HOMES 2 LLC,3303 MAYBELLE WAY,"OAKLAND, CA","3303 MAYBELLE WAY, OAKLAND, CA",M,License Issued,2015-03-10,125,"(-122.19941542351256, 37.786931100000004)",-122.19941542351256,37.786931100000004
169,28043321,REO HOMES 2 LLC,777 19TH ST,"OAKLAND, CA","777 19TH ST, OAKLAND, CA",M,License Issued,2015-03-10,125,"(-122.27708578566038, 37.81053475)",-122.27708578566038,37.81053475
170,28043322,REO HOMES 2 LLC,2835 SHORT ST,"OAKLAND, CA","2835 SHORT ST, OAKLAND, CA",M,License Issued,2015-03-10,125,"(-122.20608373376432, 37.7878051)",-122.20608373376432,37.7878051
171,28043323,REO HOMES 2 LLC,1222 30TH ST,"OAKLAND, CA","1222 30TH ST, OAKLAND, CA",M,License Issued,2015-03-10,125,"(-122.28325530051228, 37.8225415)",-122.28325530051228,37.8225415
172,28043324,REO HOMES 2 LLC,1684 15TH ST,"OAKLAND, CA","1684 15TH ST, OAKLAND, CA",M,License Issued,2015-03-10,125,"(-122.29533998683766, 37.813199999999995)",-122.29533998683766,37.813199999999995
173,28043325,REO HOMES 2 LLC,2631 INYO AVE,"OAKLAND, CA","2631 INYO AVE, OAKLAND, CA",M,License Issued,2015-03-10,125,"(-122.22677134830548, 37.792604350000005)",-122.22677134830548,37.792604350000005
174,28043326,REO HOMES 2 LLC,2032 FILBERT ST,"OAKLAND, CA","2032 FILBERT ST, OAKLAND, CA",M,License Issued,2015-03-10,125,"(-122.28105425000001, 37.8135401)",-122.28105425000001,37.8135401
175,28043327,REO HOMES 2 LLC,559 SYCAMORE ST,"OAKLAND, CA","559 SYCAMORE ST, OAKLAND, CA",M,License Issued,2015-03-10,125,"(-122.26991237360528, 37.8151304)",-122.26991237360528,37.8151304
176,28043328,REO HOMES 2 LLC,3222 ELMWOOD AVE,"OAKLAND, CA","3222 ELMWOOD AVE, OAKLAND, CA",M,License Issued,2015-03-10,125,"(-122.22760918559999, 37.7724988)",-122.22760918559999,37.7724988
177,28043329,REO HOMES 2 LLC,829 37TH ST,"OAKLAND, CA","829 37TH ST, OAKLAND, CA",M,License Issued,2015-03-10,125,"(-122.27292134415742, 37.8264369)",-122.27292134415742,37.8264369
178,28043337,REO HOMES 2 LLC,1080 30TH ST,"OAKLAND, CA","1080 30TH ST, OAKLAND, CA",M,License Issued,2015-03-10,125,"(-122.28021068344025, 37.82188955)",-122.28021068344025,37.82188955
179,28043339,REO HOMES 2 LLC,3033 WEST ST,"OAKLAND, CA","3033 WEST ST, OAKLAND, CA",M,License Issued,2015-03-10,125,"(-122.27369864498668, 37.820705950000004)",-122.27369864498668,37.820705950000004
180,28043340,REO HOMES 2 LLC,783 17TH ST,"OAKLAND, CA","783 17TH ST, OAKLAND, CA",M,License Issued,2015-03-10,125,"(-122.27792195003659, 37.8092721)",-122.27792195003659,37.8092721
181,28043342,REO HOMES 2 LLC,1656 17TH ST,"OAKLAND, CA","1656 17TH ST, OAKLAND, CA",M,License Issued,2015-03-10,125,"(-122.29336120196828, 37.8141465)",-122.29336120196828,37.8141465
182,28043343,REO HOMES 2 LLC,2329 HUMBOLDT AVE,"OAKLAND, CA","2329 HUMBOLDT AVE, OAKLAND, CA",M,License Issued,2015-03-10,125,"(-122.2149045636605, 37.7876497)",-122.2149045636605,37.7876497
183,28043344,REO HOMES 2 LLC,1018 18TH ST,"OAKLAND, CA","1018 18TH ST, OAKLAND, CA",M,License Issued,2015-03-10,125,"(-122.28232525, 37.81194965)",-122.28232525,37.81194965
184,28043346,REO HOMES 2 LLC,2031 E 25TH ST,"OAKLAND, CA","2031 E 25TH ST, OAKLAND, CA",M,License Issued,2015-03-10,125,"(-122.23191498544605, 37.793433449999995)",-122.23191498544605,37.793433449999995
185,28043347,REO HOMES 2 LLC,811 APGAR ST,"OAKLAND, CA","811 APGAR ST, OAKLAND, CA",M,License Issued,2015-03-10,125,"(-122.27214153895963, 37.82824295)",-122.27214153895963,37.82824295
186,28043349,REO HOMES 2 LLC,2632 25TH AVE,"OAKLAND, CA","2632 25TH AVE, OAKLAND, CA",M,License Issued,2015-03-10,125,"(-122.2243385524551, 37.7911768)",-122.2243385524551,37.7911768
187,28043350,REO HOMES 2 LLC,839 35TH ST,"OAKLAND, CA","839 35TH ST, OAKLAND, CA",M,License Issued,2015-03-10,125,"(-122.2736776479921, 37.82493035)",-122.2736776479921,37.82493035
188,28043354,REO HOMES 2 LLC,1620 17TH ST,"OAKLAND, CA","1620 17TH ST, OAKLAND, CA",M,License Issued,2015-03-10,125,"(-122.29264966423193, 37.8137093)",-122.29264966423193,37.8137093
189,28043357,REO HOMES 2 LLC,527 MERRIMAC ST,"OAKLAND, CA","527 MERRIMAC ST, OAKLAND, CA",M,License Issued,2015-03-10,125,"(-122.2685116233505, 37.81669827893465)",-122.2685116233505,37.81669827893465
190,28043359,REO HOMES 2 LLC,564 MERRIMAC ST,"OAKLAND, CA","564 MERRIMAC ST, OAKLAND, CA",M,License Issued,2015-03-10,125,"(-122.26917247883198, 37.817103149999994)",-122.26917247883198,37.817103149999994
191,28043360,REO HOMES 2 LLC,763 22ND ST,"OAKLAND, CA","763 22ND ST, OAKLAND, CA",M,License Issued,2015-03-10,125,"(-122.2756597, 37.812346)",-122.2756597,37.812346
192,28043361,REO HOMES 2 LLC,841 19TH ST,"OAKLAND, CA","841 19TH ST, OAKLAND, CA",M,License Issued,2015-03-10,125,"(-122.27856031904008, 37.8111263)",-122.27856031904008,37.8111263
193,28043362,REO HOMES 2 LLC,844 ISABELLA ST,"OAKLAND, CA","844 ISABELLA ST, OAKLAND, CA",M,License Issued,2015-03-10,125,"(-122.27616043862153, 37.8148853)",-122.27616043862153,37.8148853
194,28043363,REO HOMES 2 LLC,930 WOOD ST,"OAKLAND, CA","930 WOOD ST, OAKLAND, CA",M,License Issued,2015-03-10,125,"(-122.30015070985577, 37.810029549999996)",-122.30015070985577,37.810029549999996
195,28043366,REO HOMES 2 LLC,947 37TH ST,"OAKLAND, CA","947 37TH ST, OAKLAND, CA",M,License Issued,2015-03-10,125,"(-122.27635359167971, 37.82719375)",-122.27635359167971,37.82719375
196,28043367,REO HOMES 2 LLC,992 43RD ST,"OAKLAND, CA","992 43RD ST, OAKLAND, CA",M,License Issued,2015-03-10,125,"(-122.27558697389075, 37.83350527375127)",-122.27558697389075,37.83350527375127
197,28043369,REO HOMES 2 LLC,1519 CENTER ST,"OAKLAND, CA","1519 CENTER ST, OAKLAND, CA",M,License Issued,2015-03-10,125,"(-122.29270944461106, 37.81230215)",-122.29270944461106,37.81230215
198,28043372,REO HOMES 2 LLC,967 21ST ST,"OAKLAND, CA","967 21ST ST, OAKLAND, CA",M,License Issued,2015-03-10,125,"(-122.28074630284809, 37.81356675000001)",-122.28074630284809,37.81356675000001
199,28043373,REO HOMES 2 LLC,5718 ADELINE ST,"OAKLAND, CA","5718 ADELINE ST, OAKLAND, CA",M,License Issued,2015-03-10,125,"(-122.27388275, 37.842061799999996)",-122.27388275,37.842061799999996
200,28043374,REO HOMES 2 LLC,934 WOOD ST,"OAKLAND, CA","934 WOOD ST, OAKLAND, CA",M,License Issued,2015-03-10,125,"(-122.3001255576373, 37.8100907)",-122.3001255576373,37.8100907
201,28043375,REO HOMES 2 LLC,1420 9TH ST,"OAKLAND, CA","1420 9TH ST, OAKLAND, CA",M,License Issued,2015-03-10,125,"(-122.29344440606775, 37.80719105)",-122.29344440606775,37.80719105
202,28043376,REO HOMES 2 LLC,2906 LINDEN ST,"OAKLAND, CA","2906 LINDEN ST, OAKLAND, CA",M,License Issued,2015-03-10,125,"(-122.27947660366833, 37.82079065)",-122.27947660366833,37.82079065
203,28043377,REO HOMES 2 LLC,1716 FILBERT ST,"OAKLAND, CA","1716 FILBERT ST, OAKLAND, CA",M,License Issued,2015-03-10,125,"(-122.28181865291967, 37.81129)",-122.28181865291967,37.81129
204,28043378,REO HOMES 2 LLC,1074 63RD ST,"OAKLAND, CA","1074 63RD ST, OAKLAND, CA",M,License Issued,2015-04-24,125,"(-122.28282569499879, 37.846507450000004)",-122.28282569499879,37.846507450000004
205,28043379,REO HOMES 2 LLC,1650 14TH ST,"OAKLAND, CA","1650 14TH ST, OAKLAND, CA",M,License Issued,2015-03-10,125,"(-122.29529899977095, 37.812241)",-122.29529899977095,37.812241
206,28043380,REO HOMES 2 LLC,1628 LINDEN ST,"OAKLAND, CA","1628 LINDEN ST, OAKLAND, CA",M,License Issued,2015-03-10,125,"(-122.28294863757324, 37.81112805)",-122.28294863757324,37.81112805
207,28043381,REO HOMES 2 LLC,3161 LYNDE ST,"OAKLAND, CA","3161 LYNDE ST, OAKLAND, CA",M,License Issued,2015-03-10,125,"(-122.2165672, 37.789803)",-122.2165672,37.789803
208,28043382,REO HOMES 2 LLC,817 55TH ST,"OAKLAND, CA","817 55TH ST, OAKLAND, CA",M,License Issued,2015-03-10,125,"(-122.27042432232972, 37.839519)",-122.27042432232972,37.839519
209,28043383,REO HOMES 2 LLC,664 39TH ST,"OAKLAND, CA","664 39TH ST, OAKLAND, CA",M,License Issued,2015-03-10,125,"(-122.26920594999999, 37.829296150000005)",-122.26920594999999,37.829296150000005
210,28043384,REO HOMES 2 LLC,1415 MAGNOLIA ST,"OAKLAND, CA","1415 MAGNOLIA ST, OAKLAND, CA",M,License Issued,2015-03-10,125,"(-122.28727825, 37.8102199)",-122.28727825,37.8102199
211,28043385,REO HOMES 2 LLC,1011 55TH ST,"OAKLAND, CA","1011 55TH ST, OAKLAND, CA",M,License Issued,2015-03-10,125,"(-122.27862975004976, 37.83874595)",-122.27862975004976,37.83874595
212,28043386,REO HOMES 2 LLC,1612 15TH ST,"OAKLAND, CA","1612 15TH ST, OAKLAND, CA",M,License Issued,2015-03-10,125,"(-122.29380252318285, 37.81243095)",-122.29380252318285,37.81243095
213,28043387,REO HOMES 2 LLC,1229 12TH ST,"OAKLAND, CA","1229 12TH ST, OAKLAND, CA",M,License Issued,2015-03-10,125,"(-122.28855754260886, 37.808322700000005)",-122.28855754260886,37.808322700000005
214,28043388,REO HOMES 2 LLC,816 37TH ST,"OAKLAND, CA","816 37TH ST, OAKLAND, CA",M,License Issued,2015-03-10,125,"(-122.27243490000001, 37.8270582)",-122.27243490000001,37.8270582
215,28043389,REO HOMES 2 LLC,728 36TH ST,"OAKLAND, CA","728 36TH ST, OAKLAND, CA",M,License Issued,2015-03-10,125,"(-122.271324592, 37.825644999999994)",-122.271324592,37.825644999999994
216,28043390,REO HOMES 2 LLC,1100 14TH ST,"OAKLAND, CA","1100 14TH ST, OAKLAND, CA",M,License Issued,2015-03-10,125,"(-122.28513781197502, 37.8095473)",-122.28513781197502,37.8095473
217,28043391,REO HOMES 2 LLC,3201 WEST ST,"OAKLAND, CA","3201 WEST ST, OAKLAND, CA",M,License Issued,2015-03-10,125,"(-122.27331740419595, 37.82210475)",-122.27331740419595,37.82210475
218,28043399,REO HOMES 2 LLC,6427 SALEM ST,"OAKLAND, CA","6427 SALEM ST, OAKLAND, CA",M,License Issued,2015-03-10,125,"(-122.28435617064953, 37.847624749999994)",-122.28435617064953,37.847624749999994
219,28043402,REO HOMES 2 LLC,1482 12TH ST,"OAKLAND, CA","1482 12TH ST, OAKLAND, CA",M,License Issued,2015-03-20,125,"(-122.2941397722077, 37.81006765)",-122.2941397722077,37.81006765
220,28043403,REO HOMES 2 LLC,858 22ND ST,"OAKLAND, CA","858 22ND ST, OAKLAND, CA",M,License Issued,2015-03-10,125,"(-122.2776502344901, 37.81354255)",-122.2776502344901,37.81354255
221,28043405,REO HOMES 2 LLC,1699 8TH ST,"OAKLAND, CA","1699 8TH ST, OAKLAND, CA",M,License Issued,2015-03-10,125,"(-122.30038723048446, 37.807520499999995)",-122.30038723048446,37.807520499999995
222,28043407,REO HOMES 2 LLC,1519 34TH ST,"OAKLAND, CA","1519 34TH ST, OAKLAND, CA",M,License Issued,2015-03-10,125,"(-122.28666997274352, 37.82517645)",-122.28666997274352,37.82517645
223,28043409,REO HOMES 2 LLC,621 23RD ST,"OAKLAND, CA","621 23RD ST, OAKLAND, CA",M,License Issued,2015-03-10,125,"(-122.27202712777213, 37.813003050000006)",-122.27202712777213,37.813003050000006
224,28043411,REO HOMES 2 LLC,685 33RD ST,"OAKLAND, CA","685 33RD ST, OAKLAND, CA",M,License Issued,2015-03-10,125,"(-122.27139396531615, 37.8227519)",-122.27139396531615,37.8227519
225,28043412,REO HOMES 2 LLC,828 51ST ST,"OAKLAND, CA","828 51ST ST, OAKLAND, CA",M,License Issued,2015-04-24,125,"(-122.26862065, 37.83642625)",-122.26862065,37.83642625
226,28043415,REO HOMES 2 LLC,962 41ST ST,"OAKLAND, CA","962 41ST ST, OAKLAND, CA",M,License Issued,2015-03-10,125,"(-122.27545469609217, 37.832024399999995)",-122.27545469609217,37.832024399999995
227,28043417,REO HOMES 2 LLC,364 PERALTA ST,"OAKLAND, CA","364 PERALTA ST, OAKLAND, CA",M,License Issued,2015-03-10,125,"(-122.29907903357764, 37.8046195)",-122.29907903357764,37.8046195
228,28043427,REO HOMES 2 LLC,872 29TH ST,"OAKLAND, CA","872 29TH ST, OAKLAND, CA",M,License Issued,2015-03-10,125,"(-122.27536627163306, 37.81957215)",-122.27536627163306,37.81957215
229,28043430,REO HOMES 2 LLC,1744 8TH ST,"OAKLAND, CA","1744 8TH ST, OAKLAND, CA",M,License Issued,2015-03-10,125,"(-122.30149888064528, 37.8082004)",-122.30149888064528,37.8082004
230,28043431,REO HOMES 2 LLC,1014 21ST ST,"OAKLAND, CA","1014 21ST ST, OAKLAND, CA",M,License Issued,2015-04-02,125,"(-122.28167458606399, 37.81412695)",-122.28167458606399,37.81412695
231,28043433,REO HOMES 2 LLC,2519 MARTIN LUTHER KING JR WAY,"OAKLAND, CA","2519 MARTIN LUTHER KING JR WAY, OAKLAND, CA",M,License Issued,2015-03-10,125,"(-122.2723247549963, 37.8153893)",-122.2723247549963,37.8153893
232,28043435,REO HOMES 2 LLC,1438 3RD ST,"OAKLAND, CA","1438 3RD ST, OAKLAND, CA",M,License Issued,2015-03-10,125,"(-122.29542178420887, 37.80269345)",-122.29542178420887,37.80269345
233,28043436,REO HOMES 2 LLC,1526 5TH ST,"OAKLAND, CA","1526 5TH ST, OAKLAND, CA",M,License Issued,2015-03-10,125,"(-122.29703661591745, 37.8046973)",-122.29703661591745,37.8046973
234,28043438,REO HOMES 2 LLC,811 22ND ST,"OAKLAND, CA","811 22ND ST, OAKLAND, CA",M,License Issued,2015-04-02,125,"(-122.27673445144534, 37.8128115)",-122.27673445144534,37.8128115
235,28043446,REO HOMES 2 LLC,2615 MARKET ST,"OAKLAND, CA","2615 MARKET ST, OAKLAND, CA",M,License Issued,2015-04-02,125,"(-122.27768404744458, 37.8179186)",-122.27768404744458,37.8179186
236,28043447,REO HOMES 2 LLC,1024 WOOD ST,"OAKLAND, CA","1024 WOOD ST, OAKLAND, CA",M,License Issued,2015-04-02,125,"(-122.29959378591931, 37.81073585)",-122.29959378591931,37.81073585
237,28043449,REO HOMES 2 LLC,544 32ND ST,"OAKLAND, CA","544 32ND ST, OAKLAND, CA",M,License Issued,2015-03-10,125,"(-122.26821819611601, 37.8213784)",-122.26821819611601,37.8213784
238,28043451,REO HOMES 2 LLC,1444 16TH ST,"OAKLAND, CA","1444 16TH ST, OAKLAND, CA",M,License Issued,2015-03-10,125,"(-122.29202179460557, 37.812752849999995)",-122.29202179460557,37.812752849999995
239,28043452,REO HOMES 2 LLC,1474 12TH ST,"OAKLAND, CA","1474 12TH ST, OAKLAND, CA",M,License Issued,2015-03-10,125,"(-122.29393752939953, 37.81002215)",-122.29393752939953,37.81002215
240,28043453,REO HOMES 2 LLC,1564 5TH ST,"OAKLAND, CA","1564 5TH ST, OAKLAND, CA",M,License Issued,2015-03-10,125,"(-122.29782151506771, 37.80488080000001)",-122.29782151506771,37.80488080000001
241,28043454,REO HOMES 2 LLC,1066 24TH ST,"OAKLAND, CA","1066 24TH ST, OAKLAND, CA",M,License Issued,2015-03-10,125,"(-122.2816605443351, 37.81694935)",-122.2816605443351,37.81694935
242,28043455,REO HOMES 2 LLC,1088 28TH ST,"OAKLAND, CA","1088 28TH ST, OAKLAND, CA",M,License Issued,2015-03-10,125,"(-122.28095521231086, 37.8201205)",-122.28095521231086,37.8201205
243,28043456,REO HOMES 2 LLC,1116 53RD ST,"OAKLAND, CA","1116 53RD ST, OAKLAND, CA",M,License Issued,2015-03-10,125,"(-122.28271382571124, 37.8372208)",-122.28271382571124,37.8372208
244,28043457,REO HOMES 2 LLC,1002 WOOD ST,"OAKLAND, CA","1002 WOOD ST, OAKLAND, CA",M,License Issued,2015-03-20,125,"(-122.29995219175426, 37.81037645)",-122.29995219175426,37.81037645
245,28043458,REO HOMES 2 LLC,1121 WOOD ST,"OAKLAND, CA","1121 WOOD ST, OAKLAND, CA",M,License Issued,2015-03-10,125,"(-122.29942930409149, 37.811613699999995)",-122.29942930409149,37.811613699999995
246,28043459,REO HOMES 2 LLC,1202 WOOD ST,"OAKLAND, CA","1202 WOOD ST, OAKLAND, CA",M,License Issued,2015-03-10,125,"(-122.29867828642405, 37.81188815)",-122.29867828642405,37.81188815
247,28043460,REO HOMES 2 LLC,1665 8TH ST,"OAKLAND, CA","1665 8TH ST, OAKLAND, CA",M,License Issued,2015-03-10,125,"(-122.2995358337125, 37.80730085)",-122.2995358337125,37.80730085
248,28043461,REO HOMES 2 LLC,1722 8TH ST,"OAKLAND, CA","1722 8TH ST, OAKLAND, CA",M,License Issued,2015-04-24,125,"(-122.30105628637212, 37.8080572)",-122.30105628637212,37.8080572
249,28043462,REO HOMES 2 LLC,1791 11TH ST,"OAKLAND, CA","1791 11TH ST, OAKLAND, CA",M,License Issued,2015-04-02,125,"(-122.30051684747635, 37.81138115)",-122.30051684747635,37.81138115
250,28043463,REO HOMES 2 LLC,1708 14TH ST,"OAKLAND, CA","1708 14TH ST, OAKLAND, CA",M,License Issued,2015-04-02,125,"(-122.29663764643561, 37.813020300000005)",-122.29663764643561,37.813020300000005
251,28043464,REO HOMES 2 LLC,1681 16TH ST,"OAKLAND, CA","1681 16TH ST, OAKLAND, CA",M,License Issued,2015-04-02,125,"(-122.29516070585106, 37.8136367)",-122.29516070585106,37.8136367
252,28043465,REO HOMES 2 LLC,2029 MYRTLE ST,"OAKLAND, CA","2029 MYRTLE ST, OAKLAND, CA",M,License Issued,2015-03-10,125,"(-122.28046126458047, 37.813443899999996)",-122.28046126458047,37.813443899999996
253,28043466,REO HOMES 2 LLC,2505 SAN PABLO AVE,"OAKLAND, CA","2505 SAN PABLO AVE, OAKLAND, CA",M,License Issued,2015-03-10,125,"(-122.27531525249611, 37.8157705)",-122.27531525249611,37.8157705
254,28043469,REO HOMES 2 LLC,2924 FILBERT ST,"OAKLAND, CA","2924 FILBERT ST, OAKLAND, CA",M,License Issued,2015-03-10,125,"(-122.27839189216346, 37.82083955)",-122.27839189216346,37.82083955
255,28043471,REO HOMES 2 LLC,3208 MARKET ST,"OAKLAND, CA","3208 MARKET ST, OAKLAND, CA",M,License Issued,2015-03-10,125,"(-122.2756996414304, 37.8226097)",-122.2756996414304,37.8226097
256,28043474,REO HOMES 2 LLC,354 HENRY ST,"OAKLAND, CA","354 HENRY ST, OAKLAND, CA",M,License Issued,2015-03-10,125,"(-122.29742130542508, 37.804107650000006)",-122.29742130542508,37.804107650000006
257,28045048,REO HOMES 2 LLC,1020 WOOD ST,"OAKLAND, CA","1020 WOOD ST, OAKLAND, CA",M,License Issued,2015-03-20,125,"(-122.2996637783071, 37.8106717)",-122.2996637783071,37.8106717
258,28045923,REO HOMES 2 LLC,1689 13TH ST,"OAKLAND, CA","1689 13TH ST, OAKLAND, CA",M,License Issued,2015-03-20,125,"(-122.29685355921637, 37.8117244)",-122.29685355921637,37.8117244
259,28051106,REO HOMES 2 LLC,1740 11TH ST,"OAKLAND, CA","1740 11TH ST, OAKLAND, CA",M,License Issued,2015-08-25,125,"(-122.299150275, 37.8111267)",-122.299150275,37.8111267
